{"cameraMode":{"drawMode":0,"name":"Shaded","section":"Shading Mode"},"sceneLighting":true,"audioPlay":false,"sceneViewState":{"m_AlwaysRefresh":false,"showFog":true,"showSkybox":true,"showFlares":true,"showImageEffects":true,"showParticleSystems":true,"showVisualEffectGraphs":true,"m_FxEnabled":true},"in2DMode":false,"pivot":{"x":495.7989501953125,"y":207.90109252929688,"z":628.193603515625},"rotation":{"x":0.008990318514406681,"y":0.0005974839441478252,"z":0.000005235015578364255,"w":-0.999961256980896},"size":522.881103515625,"orthographic":false}